2wQQ933Qex,hw1
6S1gC0D99c,proj3
6XlCvM3aaJ,proj5
6sEoqvfzYh,assignments
7fHqljihO1,homeworks
8ovYRO0ntq,proj1
FWmu610qT1,hw2
GimIAQoEhe,assignments
HSiN7nd3n6,assignment3
IscGscr2jK,assignment1
KaDPuRlWHM,proj4
LUvAvdTuCt,exams
NGEFrY7B4w,preps
OqA6YH2BD6,homeworks
Q5deudTxfL,hw3
T9LtdisnCO,assignment3
W2GuP0QCJd,exams
WbEpvF1Olv,homeworks
ZwnvP30tKQ,logistics
ZwnvP30tKQ,assignment2
dczVfOKe0F,lectures
duOVF9fyPU,exams
dwT3TQ907Y,hw3
j3UXahLG7u,exams
kuY3dCWqbX,logistics
kuY3dCWqbX,assignment1
mUGFAhI3md,preps
nIiBGMzaqI,hw4
pGgT9pfY13,assignments
pdUvgmB57W,assignments
rArzTQgbq6,assignment2
ropVXdsf0o,logistics
ropVXdsf0o,assignment4
sGIYBPpSTY,exams
wBu4IQNg7h,hw2