id,net_id,fname,lname
0Bb2zMzQAL,rwest129,Raz,West
0nYGfSzH52,umartell232,Urban,Martell
1aRjlUAYpO,anascimbeni12,Arun,Nascimbeni
2ruNWPmicg,mhartmann364,Matthias,Hartmann
4D8d5NFQey,mhollands782,Maja,Hollands
4RygfhpS1h,dlindholm427,Deidre,Lindholm
5xTn7laQAz,sdobbs181,Suzan,Dobbs
77JVECgA9Y,anervi835,Andrea,Nervi
82rggZxf5c,phult841,Petra,Hult
8BdlWK9mvn,qharlow811,Quinn,Harlow
8uv1aK9btU,nhart392,Newton,Hart
9mCMQL1myp,aturati272,Alfred,Turati
9wHtriXf8s,rguttuso845,Roksana,Guttuso
A1Kcf8Z1u3,jho064,Joyce,Ho
A3mMrNEFsy,vfiddler300,Viktor,Fiddler
AnRRwDoMFm,phogarth740,Paul,Hogarth
AyZm6kgtLQ,smarston647,Silvia,Marston
DlK1RDF6DZ,cdirchs226,Claudia,Dirchs
ECk9NPOnC1,slafleur286,Steven,La Fleur
EIBGkZJ8LU,hlinville629,Hebel,Linville
EWUS9AaKts,gmaria244,Gabriel,Maria
F8SGo1rfbJ,syounge919,Shiro,Younge
FGVfybCruk,sfukui307,Shin,Fukui
I8k5HwpLlU,dhu396,Darrin,Hu
JEdJCRTwMu,gwray899,Grover,Wray
JulFHBBgP9,nelsayed380,Nosayba,El-Sayed
Ki437ImMiB,alacey372,Arlen,Lacey
LRH33DL7sR,ablakely607,Adara,Blakely
LbOIaCTwOR,droncalli225,Dawson,Roncalli
MMNPTkNHZg,ncobb173,Nikita,Cobb
MvygDkC5GZ,sbreda659,Shelly,Van Breda
OcbMCqoATE,dfrost839,Daria,Frost
OhfDW5FQet,hjoosten544,Hanna,Joosten
Oojd410rxz,vacconcio363,Valentine,Acconcio
P80TDV5kec,nbystrom666,Nicole,Bystrom
PiQvBSPut9,rluo968,Rebecca,Luo
Q5zYQSo07T,omerx423,Oakley,Merx
QVsfnLS8nP,wcho532,Woo-Jin,Cho
QrcaEXMLnx,dcornell036,Dip,Cornell
RCkC4TjYNZ,pruskin457,Paul,Ruskin
Rjuqf7P3nX,ksong775,Kathleen,Song
RtDWbzvtoo,nkaufman471,Natalia,Kaufman
RwKSObZt8b,epark561,Elizabeth,Park
RxNqRHaaoI,mschuhart942,Matilda,Schuhart
SGDgfAoZn8,amun214,Anand,Mun
Sx6sqg2Av5,rterry598,Rebekka,Terry
UPLEFa48ob,sayton323,Stephanos,Ayton
UX8dL9oWOH,ljoyce110,Lyla,Joyce
UuUxEvmxXO,ebeutel057,Elof,Beutel
VkA4Ln4RP8,erodney311,Emma,Rodney
Vv5mvmR93y,slacy795,Stefanie,Lacy
VxX7KCsBEi,ldemetriou598,Louisa,Demetriou
WJrWAidLZ5,jji247,Jessica,Ji
WUMHFJy3AG,akirch668,Alfred,Kirch
WVztzxaqG1,daarle24,Dorris,Aarle
WW56HAP2R1,lleigh151,Leopold,Leigh
Xo3aGKAsfE,dheimans471,Daniele,Heimans
YXCMIivcy6,epontecorvo916,Eli,Pontecorvo
aDQQtN7BnB,rzeegers249,Ryuu,Zeegers
aKtF7xlCj,cstein161,Christina,Stein
bCSKEQsp82,lbandoni978,Lev,Bandoni
bSZa17FK2l,jkim79,John,Kim
cp5asEx6KR,tjacobs350,Tyrone,Jacobs
erGZXNCSa8,csorge400,Charlize,Sorge
fC8CoZyN8g,scheung682,Shun Yan,Cheung
fe20lUruvB,earrigucci181,Ellie,Arrigucci
ffD2jzc574,gdanielson911,Gunda,Danielson
fk7USWbA60,cchen902,Cynthia,Chen
g0aGB2MNq6,egregory740,Eskender,Gregory
hEp6l3yRkB,dankeren437,Deana,Ankeren
iep724zbM3,bbauer710,Ben,Bauer
ixYZCGpl5D,iknudsen510,Ines,Knudsen
ize3lkeNiR,echong351,Elaine,Chong
j3BjhOJA0K,llange012,Lars,Lange
k4hG2bKBi2,rhepburn830,Rocco,Hepburn
kJQAvxlegv,cabate188,Celeste,Abate
l8Ck5AEii7,ptivoli928,Paulina,Tivoli
l8fb19WIds,ryoon681,Racheal,Yoon
lKOmgoDP5M,druf440,Devon,Ruf
loWO7ep40W,avespa995,Ama,Vespa
nlNo3Ifie2,hmoon196,Huang,Moon
pAA8hhbaAf,cpeter506,Cortney,Peter
pSE2USVUGe,sknutson811,Scott,Knutson
piajOfWMIT,aeldridge638,Arnold,Eldridge
q24FfeogSR,stolkien163,Samantha,Tolkien
qBhsb9AT1D,nherman665,Noelle,Herman
qSaWq5Khmt,mdaniell662,Michele,Daniell
qjAClhRo8T,apapp539,August,Papp
rRMSF0EH7d,nnewton663,Neelam,Newton
s8jX7v1r9L,ttash050,Thema,Tash
stB2damzF1,lalbano202,Luca,Albano
tmil3gYi8I,lkawakami527,Lin,Kawakami
tmt3aPs20s,nbapat922,Nikhil,Bapat
uZfhzJCf3Q,jjundt663,Julian,Jundt
ujARr06uDs,hackermann400,Hinata,Ackermann
v9ksRoAENe,kfava260,Katherine,Fava
vMCwbZJ5UI,tbencivenni554,Tatenda,Bencivenni
vrSPzDaBog,rventimiglia396,Ravinder,Ventimiglia
w4xX1lvTG7,mwirth350,Martha,Wirth
wUSNkrt2i7,gmorris475,Giuliana,Morris
xrWlqSyLPV,ageorge577,Antonina,George
xshALL98rR,odanniel58,Orville,Danniel
yVEE6glmyP,adevereux918,Annice,Devereux
ybgAEICak2,mgartner140,Maria,Gaertner
zMdmtuvTDn,cbaldinotti843,Cathleen,Baldinotti